idx,regime,throttle,steer,pitch,yaw,roll,jump,boost,handbrake
0,ground,1.0,0.0,0.0,0.0,0.0,0,0,0
1,ground,0.0,0.0,0.0,0.0,0.0,0,0,0
2,ground,1.0,-1.0,0.0,0.0,0.0,0,0,0
3,ground,1.0,1.0,0.0,0.0,0.0,0,0,0
4,ground,0.8,0.0,0.0,0.0,0.0,0,0,0
5,ground,0.4,0.0,0.0,0.0,0.0,0,0,0
6,ground,1.0,0.7,0.0,0.0,0.0,0,0,0
7,ground,1.0,-0.7,0.0,0.0,0.0,0,0,0
8,ground,1.0,-0.3,0.0,0.0,0.0,0,0,0
9,ground,1.0,0.3,0.0,0.0,0.0,0,0,0
10,ground,0.0,1.0,0.0,0.0,0.0,0,0,0
11,ground,0.8,1.0,0.0,0.0,0.0,0,0,0
12,ground,0.0,-1.0,0.0,0.0,0.0,0,0,0
13,ground,0.8,-1.0,0.0,0.0,0.0,0,0,0
14,ground,-1.0,0.0,0.0,0.0,0.0,0,0,0
15,ground,-1.0,-1.0,0.0,0.0,0.0,0,0,0
16,ground,-1.0,1.0,0.0,0.0,0.0,0,0,0
17,ground,0.4,1.0,0.0,0.0,0.0,0,0,0
18,ground,0.4,-1.0,0.0,0.0,0.0,0,0,0
19,ground,0.0,0.7,0.0,0.0,0.0,0,0,0
20,ground,0.0,-0.7,0.0,0.0,0.0,0,0,0
21,ground,0.0,-0.3,0.0,0.0,0.0,0,0,0
22,ground,0.0,0.3,0.0,0.0,0.0,0,0,0
23,ground,0.8,0.7,0.0,0.0,0.0,0,0,0
24,ground,0.8,0.3,0.0,0.0,0.0,0,0,0
25,ground,0.8,-0.7,0.0,0.0,0.0,0,0,0
26,ground,0.8,-0.3,0.0,0.0,0.0,0,0,0
27,ground,-1.0,-0.7,0.0,0.0,0.0,0,0,0
28,ground,-1.0,0.7,0.0,0.0,0.0,0,0,0
29,ground,0.4,0.7,0.0,0.0,0.0,0,0,0
30,ground,-1.0,-0.3,0.0,0.0,0.0,0,0,0
31,ground,0.4,-0.3,0.0,0.0,0.0,0,0,0
32,ground,-1.0,0.3,0.0,0.0,0.0,0,0,0
33,ground,0.4,-0.7,0.0,0.0,0.0,0,0,0
34,ground,0.4,0.3,0.0,0.0,0.0,0,0,0
35,ground,1.0,0.0,0.0,0.0,0.0,0,1,0
36,ground,1.0,-1.0,0.0,0.0,0.0,0,1,0
37,ground,1.0,1.0,0.0,0.0,0.0,0,1,0
38,ground,1.0,0.7,0.0,0.0,0.0,0,1,0
39,ground,1.0,-0.7,0.0,0.0,0.0,0,1,0
40,ground,1.0,-0.3,0.0,0.0,0.0,0,1,0
41,ground,1.0,0.3,0.0,0.0,0.0,0,1,0
42,ground,0.8,0.0,0.0,0.0,0.0,0,1,0
43,ground,0.0,0.0,0.0,0.0,0.0,0,1,0
44,ground,0.8,1.0,0.0,0.0,0.0,0,1,0
45,ground,0.4,0.0,0.0,0.0,0.0,0,1,0
46,ground,1.0,-1.0,0.0,0.0,0.0,0,0,1
47,ground,1.0,1.0,0.0,0.0,0.0,0,0,1
48,ground,1.0,0.0,0.0,0.0,0.0,1,0,0
49,ground,1.0,0.0,0.0,0.0,0.0,1,1,0
50,ground,1.0,-1.0,0.0,0.0,0.0,0,1,1
51,ground,1.0,-1.0,0.0,0.0,0.0,1,1,1
52,ground,1.0,0.0,0.0,0.0,0.0,1,0,1
53,air,0.0,0.0,0.0,0.0,0.0,0,0,0
54,air,0.0,0.0,-1.0,-1.0,0.0,0,0,0
55,air,0.0,0.0,1.0,1.0,0.0,0,0,0
56,air,0.0,0.0,-1.0,1.0,0.0,0,0,0
57,air,0.0,0.0,1.0,-1.0,0.0,0,0,0
58,air,0.0,0.0,-1.0,1.0,-1.0,0,0,0
59,air,0.0,0.0,0.0,1.0,0.0,0,0,0
60,air,0.0,0.0,-1.0,-1.0,1.0,0,0,0
61,air,0.0,0.0,1.0,1.0,1.0,0,0,0
62,air,0.0,0.0,1.0,1.0,-1.0,0,0,0
63,air,0.0,0.0,-1.0,-1.0,-1.0,0,0,0
64,air,0.0,0.0,1.0,-1.0,1.0,0,0,0
65,air,0.0,0.0,-1.0,1.0,1.0,0,0,0
66,air,0.0,0.0,1.0,1.0,-0.3,0,0,0
67,air,0.0,0.0,1.0,-1.0,-1.0,0,0,0
68,air,0.0,0.0,0.0,-1.0,0.0,0,0,0
69,air,0.0,0.0,1.0,-1.0,0.3,0,0,0
70,air,0.0,0.0,-1.0,1.0,-0.3,0,0,0
71,air,0.0,0.0,-1.0,-1.0,0.3,0,0,0
72,air,0.0,0.0,1.0,-1.0,-0.3,0,0,0
73,air,0.0,0.0,-1.0,-1.0,-0.3,0,0,0
74,air,0.0,0.0,-1.0,1.0,0.3,0,0,0
75,air,0.0,0.0,1.0,1.0,0.3,0,0,0
76,air,0.0,0.0,0.0,-0.3,0.0,0,0,0
77,air,0.0,0.0,0.0,0.3,0.0,0,0,0
78,air,0.0,0.0,0.3,0.0,0.0,0,0,0
79,air,0.0,0.0,-1.0,1.0,-0.6,0,0,0
80,air,0.0,0.0,-1.0,-1.0,0.6,0,0,0
81,air,0.0,0.0,1.0,1.0,-0.6,0,0,0
82,air,0.0,0.0,1.0,-1.0,0.6,0,0,0
83,air,0.0,0.0,1.0,-1.0,-0.6,0,0,0
84,air,0.0,0.0,-1.0,1.0,0.6,0,0,0
85,air,0.0,0.0,1.0,1.0,0.6,0,0,0
86,air,0.0,0.0,-1.0,-1.0,-0.6,0,0,0
87,air,0.0,0.0,-0.3,1.0,0.0,0,0,0
88,air,0.0,0.0,-0.3,-1.0,0.0,0,0,0
89,air,0.0,0.0,0.3,-1.0,0.0,0,0,0
90,air,0.0,0.0,0.3,1.0,0.0,0,0,0
91,air,0.0,0.0,0.0,0.6,0.0,0,0,0
92,air,0.0,0.0,-0.3,0.0,0.0,0,0,0
93,air,0.0,0.0,0.0,-0.6,0.0,0,0,0
94,air,0.0,0.0,-0.6,-1.0,0.0,0,0,0
95,air,0.0,0.0,0.0,1.0,-0.3,0,0,0
96,air,0.0,0.0,0.6,-1.0,0.0,0,0,0
97,air,0.0,0.0,0.6,1.0,0.0,0,0,0
98,air,0.0,0.0,0.3,0.3,0.0,0,0,0
99,air,0.0,0.0,-0.6,1.0,0.0,0,0,0
100,air,0.0,0.0,1.0,0.0,0.0,0,0,0
101,air,0.0,0.0,0.3,-0.3,0.0,0,0,0
102,air,0.0,0.0,0.0,1.0,0.3,0,0,0
103,air,0.0,0.0,0.0,-1.0,-0.3,0,0,0
104,air,0.0,0.0,0.0,-1.0,0.3,0,0,0
105,air,0.0,0.0,1.0,0.6,0.0,0,0,0
106,air,0.0,0.0,1.0,0.3,0.0,0,0,0
107,air,0.0,0.0,1.0,-0.6,0.0,0,0,0
108,air,0.0,0.0,-1.0,0.0,0.0,0,0,0
109,air,0.0,0.0,-0.3,-0.3,0.0,0,0,0
110,air,0.0,0.0,1.0,-0.3,0.0,0,0,0
111,air,0.0,0.0,-0.3,0.3,0.0,0,0,0
112,air,0.0,0.0,-1.0,0.6,0.0,0,0,0
113,air,0.0,0.0,-1.0,0.3,0.0,0,0,0
114,air,0.0,0.0,0.3,1.0,-0.3,0,0,0
115,air,0.0,0.0,-0.3,1.0,-0.3,0,0,0
116,air,0.0,0.0,-1.0,-0.6,0.0,0,0,0
117,air,0.0,0.0,0.6,0.0,0.0,0,0,0
118,air,0.0,0.0,0.3,-1.0,0.3,0,0,0
119,air,0.0,0.0,0.6,-1.0,0.3,0,0,0
120,air,0.0,0.0,-0.6,-1.0,-0.3,0,0,0
121,air,0.0,0.0,-0.3,-1.0,0.3,0,0,0
122,air,0.0,0.0,-1.0,-0.3,0.0,0,0,0
123,air,0.0,0.0,0.6,-1.0,-0.3,0,0,0
124,air,0.0,0.0,0.6,1.0,-0.3,0,0,0
125,air,0.0,0.0,-0.3,-1.0,-0.3,0,0,0
126,air,0.0,0.0,0.6,1.0,0.3,0,0,0
127,air,0.0,0.0,-0.3,-0.6,0.0,0,0,0
128,air,0.0,0.0,-0.6,1.0,-0.3,0,0,0
129,air,0.0,0.0,0.3,-1.0,-0.3,0,0,0
130,air,0.0,0.0,0.3,1.0,0.3,0,0,0
131,air,0.0,0.0,-0.3,1.0,0.3,0,0,0
132,air,0.0,0.0,0.6,0.3,0.0,0,0,0
133,air,0.0,0.0,-0.6,1.0,0.3,0,0,0
134,air,0.0,0.0,-0.6,-1.0,0.3,0,0,0
135,air,0.0,0.0,0.3,-0.6,0.0,0,0,0
136,air,0.0,0.0,0.3,0.6,0.0,0,0,0
137,air,0.0,0.0,-0.3,0.6,0.0,0,0,0
138,air,0.0,0.0,0.6,-0.3,0.0,0,0,0
139,air,0.0,0.0,0.0,0.0,-0.3,0,0,0
140,air,0.0,0.0,0.0,0.0,0.3,0,0,0
141,air,0.0,0.0,-0.6,0.0,0.0,0,0,0
142,air,0.0,0.0,0.0,-1.0,-0.6,0,0,0
143,air,0.0,0.0,1.0,0.0,-0.3,0,0,0
144,air,0.0,0.0,1.0,0.6,-0.3,0,0,0
145,air,0.0,0.0,0.0,-1.0,0.6,0,0,0
146,air,0.0,0.0,0.0,1.0,-0.6,0,0,0
147,air,0.0,0.0,-0.6,0.3,0.0,0,0,0
148,air,0.0,0.0,1.0,0.3,-0.3,0,0,0
149,air,0.0,0.0,-1.0,-0.6,0.3,0,0,0
150,air,0.0,0.0,1.0,0.0,0.3,0,0,0
151,air,0.0,0.0,1.0,-0.6,0.3,0,0,0
152,air,0.0,0.0,0.0,1.0,0.6,0,0,0
153,air,0.0,0.0,-0.6,1.0,0.6,0,0,0
154,air,0.0,0.0,1.0,-0.3,0.3,0,0,0
155,air,0.0,0.0,-1.0,0.6,-0.3,0,0,0
156,air,0.0,0.0,-0.6,-1.0,-0.6,0,0,0
157,air,0.0,0.0,-0.3,1.0,0.6,0,0,0
158,air,0.0,0.0,0.0,0.0,0.0,1,0,0
159,air,0.0,0.0,-1.0,-1.0,-1.0,1,0,0
160,air,0.0,0.0,-1.0,1.0,-1.0,1,0,0
161,air,0.0,0.0,1.0,-1.0,-1.0,1,0,0
162,air,0.0,0.0,-1.0,-1.0,1.0,1,0,0
163,air,0.0,0.0,1.0,-1.0,1.0,1,0,0
164,air,0.0,0.0,-1.0,1.0,1.0,1,0,0
165,air,0.0,0.0,1.0,1.0,1.0,1,0,0
166,air,0.0,0.0,1.0,1.0,-1.0,1,0,0
167,air,0.0,0.0,-0.3,0.3,-0.6,1,0,0
168,air,0.0,0.0,-0.3,-0.3,-0.6,1,0,0
169,air,0.0,0.0,-0.3,0.0,-0.6,1,0,0
170,air,0.0,0.0,-0.6,-0.3,0.0,1,0,0
171,air,0.0,0.0,-1.0,-1.0,0.0,1,0,0
172,air,0.0,0.0,-0.3,-0.3,0.6,1,0,0
173,air,0.0,0.0,-0.6,0.3,0.0,1,0,0
174,air,0.0,0.0,-0.3,0.3,0.6,1,0,0
175,air,0.0,0.0,-0.3,0.0,0.6,1,0,0
176,air,0.0,0.0,-1.0,1.0,-0.6,1,0,0
177,air,0.0,0.0,-1.0,1.0,0.0,1,0,0
178,air,0.0,0.0,-0.6,0.0,0.0,1,0,0
179,air,0.0,0.0,-1.0,-1.0,-0.3,1,0,0
180,air,0.0,0.0,-1.0,-1.0,0.3,1,0,0
181,air,0.0,0.0,-1.0,1.0,-0.3,1,0,0
182,air,0.0,0.0,-1.0,-1.0,0.6,1,0,0
183,air,0.0,0.0,-1.0,-1.0,-0.6,1,0,0
184,air,0.0,0.0,-0.3,0.6,0.0,1,0,0
185,air,0.0,0.0,0.0,0.3,-0.6,1,0,0
186,air,0.0,0.0,0.0,-0.3,-0.6,1,0,0
187,air,0.0,0.0,1.0,-1.0,-0.6,1,0,0
188,air,0.0,0.0,-0.3,-0.6,0.0,1,0,0
189,air,0.0,0.0,0.0,-0.3,0.6,1,0,0
190,air,0.0,0.0,0.0,0.0,0.0,0,1,0
191,air,0.0,0.0,1.0,1.0,1.0,0,1,0
192,air,0.0,0.0,1.0,-1.0,1.0,0,1,0
193,air,0.0,0.0,-1.0,1.0,-1.0,0,1,0
194,air,0.0,0.0,1.0,1.0,0.0,0,1,0
195,air,0.0,0.0,-1.0,-1.0,0.0,0,1,0
196,air,0.0,0.0,-1.0,1.0,0.0,0,1,0
197,air,0.0,0.0,1.0,-1.0,0.0,0,1,0
198,air,0.0,0.0,-1.0,1.0,1.0,0,1,0
199,air,0.0,0.0,1.0,1.0,-1.0,0,1,0
200,air,0.0,0.0,-1.0,-1.0,1.0,0,1,0
201,air,0.0,0.0,-1.0,-1.0,-1.0,0,1,0
202,air,0.0,0.0,1.0,-1.0,-1.0,0,1,0
203,air,0.0,0.0,1.0,-1.0,-0.3,0,1,0
204,air,0.0,0.0,-1.0,1.0,0.3,0,1,0
205,air,0.0,0.0,1.0,-1.0,0.3,0,1,0
206,air,0.0,0.0,-1.0,1.0,-0.3,0,1,0
207,air,0.0,0.0,1.0,1.0,-0.3,0,1,0
208,air,0.0,0.0,-1.0,-1.0,-0.3,0,1,0
209,air,0.0,0.0,-1.0,-1.0,0.3,0,1,0
210,air,0.0,0.0,1.0,1.0,0.3,0,1,0
211,air,0.0,0.0,-1.0,1.0,0.6,0,1,0
212,air,0.0,0.0,1.0,1.0,0.6,0,1,0
213,air,0.0,0.0,1.0,-1.0,0.6,0,1,0
214,air,0.0,0.0,1.0,-1.0,-0.6,0,1,0
215,air,0.0,0.0,-1.0,1.0,-0.6,0,1,0
216,air,0.0,0.0,1.0,1.0,-0.6,0,1,0
217,air,0.0,0.0,-1.0,-1.0,0.6,0,1,0
218,air,0.0,0.0,-1.0,-1.0,-0.6,0,1,0
219,air,0.0,0.0,0.0,1.0,0.0,0,1,0
220,air,0.0,0.0,0.0,-1.0,0.0,0,1,0
221,air,0.0,0.0,0.3,0.0,0.0,0,1,0
222,air,0.0,0.0,0.0,0.0,0.0,1,1,0
223,air,0.0,0.0,1.0,-1.0,1.0,1,1,0
224,air,0.0,0.0,1.0,-1.0,-1.0,1,1,0
225,air,0.0,0.0,-1.0,-1.0,1.0,1,1,0
226,air,0.0,0.0,1.0,1.0,-1.0,1,1,0
227,air,0.0,0.0,1.0,1.0,1.0,1,1,0
228,air,0.0,0.0,-1.0,-1.0,-1.0,1,1,0
229,air,0.0,0.0,-1.0,1.0,-1.0,1,1,0
230,air,0.0,0.0,-1.0,1.0,1.0,1,1,0
231,air,0.0,0.0,-1.0,-1.0,0.0,1,1,0
232,air,0.0,0.0,-1.0,-1.0,0.6,1,1,0
233,air,0.0,0.0,-1.0,-1.0,-0.3,1,1,0
234,air,0.0,0.0,-1.0,-1.0,0.3,1,1,0
235,air,0.0,0.0,-1.0,1.0,-0.6,1,1,0
236,air,0.0,0.0,-1.0,1.0,-0.3,1,1,0
237,air,0.0,0.0,-1.0,-1.0,-0.6,1,1,0
238,air,0.0,0.0,0.0,0.0,0.0,1,0,1
239,air,0.0,0.0,1.0,-1.0,-1.0,1,0,1
240,air,0.0,0.0,1.0,-1.0,1.0,1,0,1
241,air,0.0,0.0,-1.0,-1.0,1.0,1,0,1
242,air,0.0,0.0,-1.0,-1.0,-1.0,1,0,1
243,air,0.0,0.0,-0.3,-0.3,-0.6,1,0,1
244,air,0.0,0.0,-1.0,1.0,1.0,1,0,1
245,air,0.0,0.0,-1.0,1.0,-1.0,1,0,1
246,air,0.0,0.0,1.0,1.0,1.0,1,0,1
247,air,0.0,0.0,-0.3,0.3,-0.6,1,0,1
248,air,0.0,0.0,-0.3,0.0,-0.6,1,0,1
249,air,0.0,0.0,1.0,1.0,-1.0,1,0,1
250,air,0.0,0.0,0.0,0.3,-0.6,1,0,1
251,air,0.0,0.0,-1.0,-1.0,0.0,1,0,1
252,air,0.0,0.0,0.0,0.0,0.0,0,0,1
253,air,0.0,0.0,1.0,-1.0,-1.0,0,0,1
254,air,0.0,0.0,-1.0,1.0,-1.0,0,0,1
255,air,0.0,0.0,1.0,1.0,0.0,0,0,1
256,air,0.0,0.0,1.0,1.0,-1.0,0,0,1
257,air,0.0,0.0,1.0,1.0,1.0,0,0,1
258,air,0.0,0.0,-1.0,1.0,0.0,0,0,1
259,air,0.0,0.0,-1.0,-1.0,1.0,0,0,1
260,air,0.0,0.0,-1.0,-1.0,-1.0,0,0,1
261,air,0.0,0.0,-1.0,1.0,1.0,0,0,1
262,air,0.0,0.0,1.0,-1.0,1.0,0,0,1
263,air,0.0,0.0,1.0,-1.0,0.0,0,0,1
264,air,0.0,0.0,-1.0,-1.0,0.0,0,0,1
265,air,0.0,0.0,1.0,-1.0,-0.3,0,0,1
266,air,0.0,0.0,0.0,0.0,0.0,1,1,1
267,air,0.0,0.0,1.0,-1.0,1.0,1,1,1
268,air,0.0,0.0,-1.0,-1.0,1.0,1,1,1
269,air,0.0,0.0,1.0,-1.0,-1.0,1,1,1
270,air,0.0,0.0,1.0,1.0,-1.0,1,1,1
271,air,0.0,0.0,1.0,1.0,1.0,1,1,1
272,air,0.0,0.0,-1.0,-1.0,-1.0,1,1,1
273,air,0.0,0.0,-1.0,1.0,-1.0,1,1,1
274,air,0.0,0.0,0.0,0.0,0.0,0,1,1
275,air,0.0,0.0,-1.0,1.0,-1.0,0,1,1
276,air,0.0,0.0,1.0,-1.0,-1.0,0,1,1
277,air,0.0,0.0,-1.0,-1.0,1.0,0,1,1
278,air,0.0,0.0,1.0,1.0,-1.0,0,1,1
